country_code,country_name,region,income_level,capital_city,longitude,latitude,is_fragile_or_conflict,gdp_growth_pct,gdp_growth_pct_year,gdp_per_capita_usd,gdp_per_capita_usd_year,population,population_year,pop_growth_pct,pop_growth_pct_year,urban_pop_pct,urban_pop_pct_year,internet_users_pct,internet_users_pct_year,mobile_subs_per100,mobile_subs_per100_year,life_expectancy,life_expectancy_year,inflation_pct,inflation_pct_year,unemployment_pct,unemployment_pct_year,self_employed_pct,self_employed_pct_year,agriculture_pct_gdp,agriculture_pct_gdp_year,poverty_headcount_pct,poverty_headcount_pct_year,business_reg_rating,business_reg_rating_year
ABW,Aruba,Latin America & Caribbean ,High income,Oranjestad,-70.0167,12.5167,False,,,,,108785,2025,0.728852751394889,2025,61.7485249229588,2025,97.17,2023.0,,,76.5,2024,,,,,,,,,,,,
AFG,Afghanistan,"Middle East, North Africa, Afghanistan & Pakistan",Low income,Kabul,69.1761,34.5228,True,,,,,43844111,2025,2.76719430653303,2025,25.9401644699898,2025,16.09499931,2025.0,,,66.289,2024,,,13.351,2025.0,83.4001611011252,2025.0,,,,,2.0,2025.0
AGO,Angola,Sub-Saharan Africa ,Lower middle income,Luanda,13.242,-8.81155,False,3.13353542450008,2025.0,3129.47662331063,2025.0,39040039,2025,3.00100954627922,2025,71.4615915176085,2025,40.70479965,2025.0,,,64.805,2024,20.1620197572331,2025.0,14.108,2025.0,75.9049595584427,2025.0,25.2409853888143,2025.0,39.3,2024.0,,
ALB,Albania,Europe & Central Asia,Upper middle income,Tirane,19.8172,41.3317,False,3.78893836241024,2025.0,12998.147869552,2025.0,2349580,2025,-1.16564475393365,2025,58.871474331067,2025,85.86389923,2025.0,,,79.776,2024,2.14618551167388,2025.0,10.926,2025.0,50.2796648858816,2025.0,14.7972607481894,2025.0,0.3,2025.0,,
AND,Andorra,Europe & Central Asia,High income,Andorra la Vella,1.5218,42.5075,False,3.86803450687808,2025.0,54291.5026031052,2025.0,82904,2025,1.17204481645642,2025,88.9492672283129,2025,94.39759827,2025.0,,,84.188,2024,,,,,,,0.484029292810106,2025.0,,,,
ARE,United Arab Emirates,"Middle East, North Africa, Afghanistan & Pakistan",High income,Abu Dhabi,54.3705,24.4764,False,,,,,11513149,2025,4.68316292656212,2025,85.9617641324017,2025,100.0,2025.0,,,83.069,2024,1.250865245598,2025.0,2.174,2025.0,5.06630975842524,2025.0,,,0.0,2024.0,,
ARG,Argentina,Latin America & Caribbean ,Upper middle income,Buenos Aires,-58.4173,-34.6118,False,4.36733330217022,2025.0,14898.0885943842,2025.0,45851378,2025,0.339100654860035,2025,92.3519221615173,2025,89.66715228,2025.0,,,77.543,2024,,,7.145,2025.0,25.5757392075766,2025.0,5.53265388071299,2025.0,1.0,2025.0,,
ARM,Armenia,Europe & Central Asia,Upper middle income,Yerevan,44.509,40.1596,False,7.2,2025.0,9474.01849300368,2025.0,3086700,2025,1.73854906675217,2025,65.9287015589872,2025,81.33930206,2025.0,,,78.319512195122,2024,3.30693341072904,2025.0,12.871,2025.0,33.6643743470283,2025.0,7.93468177320685,2025.0,0.8,2025.0,,
ASM,American Samoa,East Asia & Pacific,High income,Pago Pago,-170.691,-14.2846,False,,,,,46029,2025,-1.5863427255336,2025,80.5123508239818,2025,,,,,72.992,2024,,,,,,,,,,,,
ATG,Antigua and Barbuda,Latin America & Caribbean ,High income,Saint John's,-61.8456,17.1175,False,4.99803998431987,2025.0,24819.2454680158,2025.0,94209,2025,0.464941443253073,2025,24.3334834700661,2025,72.73040009,2025.0,,,77.766,2024,1.36873527521954,2025.0,,,,,1.4857923090448,2025.0,,,,
AUS,Australia,East Asia & Pacific,High income,Canberra,149.129,-35.282,False,1.35039785076631,2025.0,65129.7227990563,2025.0,27614411,2025,1.53308964338105,2025,87.7192672666333,2025,96.13140106,2025.0,,,83.0512195121951,2024,2.87403791660173,2025.0,4.09,2025.0,16.1048964546054,2025.0,2.26658274847898,2025.0,0.9,2025.0,,
AUT,Austria,Europe & Central Asia,High income,Vienna,16.3798,48.2201,False,0.615747280959056,2025.0,62930.0351324599,2025.0,9208163,2025,0.328301850203979,2025,69.7152152366353,2025,91.92573373,2025.0,,,81.9951219512195,2024,3.52719439956928,2025.0,5.582,2025.0,12.195549723839,2025.0,1.25694809585953,2025.0,0.5,2025.0,,
AZE,Azerbaijan,Europe & Central Asia,Upper middle income,Baku,49.8932,40.3834,False,1.44985591122698,2025.0,7410.72281660142,2025.0,10246996,2025,0.431945667113889,2025,58.6371024281175,2025,90.80000181,2025.0,,,74.576,2024,5.62208788068338,2025.0,5.457,2025.0,66.9832705925309,2025.0,5.92521728352983,2025.0,,,,
BDI,Burundi,Sub-Saharan Africa ,Low income,Bujumbura,29.3639,-3.3784,True,4.24010529884178,2025.0,233.823013385395,2025.0,14390003,2025,2.40689260858279,2025,25.6870184681663,2025,8.595999718,2025.0,,,63.818,2024,34.1339985744832,2025.0,0.922,2025.0,84.8501168393457,2025.0,34.289723106363,2025.0,74.2,2025.0,3.0,2025.0
BEL,Belgium,Europe & Central Asia,High income,Brussels,4.36761,50.8371,False,0.983117967125935,2025.0,60750.2735864647,2025.0,11941781,2025,0.698907329339411,2025,87.6726083114649,2025,95.77579144,2025.0,,,82.3,2024,2.46705543774613,2025.0,5.906,2025.0,14.5914614041711,2025.0,0.730169514651754,2025.0,0.1,2025.0,,
BEN,Benin,Sub-Saharan Africa ,Lower middle income,Porto-Novo,2.6323,6.4779,False,8.07408453688336,2025.0,1658.27312662991,2025.0,14814460,2025,2.40291500851022,2025,53.3620073968188,2025,33.98379898,2025.0,,,60.961,2024,1.10155247902978,2025.0,1.589,2025.0,79.8348346786921,2025.0,22.9191586398898,2025.0,27.2,2025.0,4.0,2025.0
BFA,Burkina Faso,Sub-Saharan Africa ,Low income,Ouagadougou,-1.53395,12.3605,True,5.29461839319283,2025.0,1147.57131635601,2025.0,24074580,2025,2.20824551344995,2025,28.9226360719085,2025,28.25270081,2025.0,,,61.292,2024,-0.586235316330579,2025.0,3.477,2025.0,82.5985003656192,2025.0,19.9429410767908,2025.0,42.1,2025.0,3.5,2025.0
BGD,Bangladesh,South Asia,Lower middle income,Dhaka,90.4113,23.7055,False,3.48990671836833,2025.0,2597.34352335275,2025.0,175686899,2025,1.21664463269168,2025,33.2395847043975,2025,53.42171316,2025.0,,,74.93,2024,8.7687628116114,2025.0,3.778,2025.0,61.0415601988916,2025.0,11.4240222467121,2025.0,5.9,2025.0,3.0,2025.0
BGR,Bulgaria,Europe & Central Asia,High income,Sofia,23.3238,42.7105,False,3.0963663917961,2025.0,20328.1667065538,2025.0,6433302,2025,-0.126123118551665,2025,74.1727501848475,2025,82.438955,2025.0,,,75.7609756097561,2024,4.58084355235697,2025.0,3.536,2025.0,11.7955480759712,2025.0,2.47498607309854,2025.0,1.0,2025.0,,
BHR,Bahrain,"Middle East, North Africa, Afghanistan & Pakistan",High income,Manama,50.5354,26.1921,False,3.48137573668635,2025.0,30596.5794898885,2025.0,1600366,2025,0.733516488465226,2025,100.0,2025,100.0,2025.0,,,81.423,2024,-0.137708855447902,2025.0,1.102,2025.0,2.44073002362446,2025.0,0.240579157170771,2025.0,,,,
BHS,"Bahamas, The",Latin America & Caribbean ,High income,Nassau,-77.339,25.0661,False,,,,,403033,2025,0.43515303971882,2025,81.3309172016028,2025,92.47270203,2025.0,,,74.71,2024,,,9.207,2025.0,17.0547511332546,2025.0,,,,,,
BIH,Bosnia and Herzegovina,Europe & Central Asia,Upper middle income,Sarajevo,18.4214,43.8607,False,2.12861913138053,2025.0,10381.8460703874,2025.0,3140095,2025,-0.766395454237064,2025,52.6915440779561,2025,86.10091103,2025.0,,,78.044,2024,,,11.037,2025.0,22.0631006708146,2025.0,4.35590102154996,2025.0,0.3,2025.0,,
BLR,Belarus,Europe & Central Asia,Upper middle income,Minsk,27.5766,53.9678,False,1.29999999999998,2025.0,10279.2547190723,2025.0,9085991,2025,-0.511982816210923,2025,79.4945820380127,2025,94.26182128,2025.0,,,74.3653414634147,2024,6.59877945951182,2025.0,3.38,2025.0,6.83343649741945,2025.0,6.89927975485292,2025.0,0.0,2025.0,,
BLZ,Belize,Latin America & Caribbean ,Upper middle income,Belmopan,-88.7713,17.2534,False,2.74831731763744,2025.0,7865.47937690933,2025.0,422924,2025,1.39336251081714,2025,41.5621435428272,2025,80.00582262,2025.0,,,73.739,2024,1.06281547952896,2025.0,8.856,2025.0,35.1801246673454,2025.0,,,1.0,2024.0,3.0,2025.0
BMU,Bermuda,North America,High income,Hamilton,-64.706,32.3293,False,,,,,64555,2025,-0.125395748331922,2025,100.0,2025,98.37,2023.0,,,82.49,2024,,,,,,,,,,,,
BOL,Bolivia,Latin America & Caribbean ,Lower middle income,La Paz,-66.1936,-13.9908,False,-1.58237567348246,2025.0,5147.81081955367,2025.0,12581843,2025,1.34850560934918,2025,71.5631037265869,2025,79.70469666,2025.0,,,68.739,2024,19.517120804733,2025.0,2.967,2025.0,66.2673828499008,2025.0,,,2.1,2025.0,2.5,2021.0
BRA,Brazil,Latin America & Caribbean ,Upper middle income,Brasilia,-47.9292,-15.7801,False,2.2857464902475,2025.0,10713.2856869511,2025.0,212812405,2025,0.383150642409967,2025,88.1772996487898,2025,84.46347227,2025.0,,,76.023,2024,5.01675279604836,2025.0,5.97,2025.0,30.2938564691972,2025.0,6.08621695565171,2025.0,3.0,2025.0,,
BRB,Barbados,Latin America & Caribbean ,High income,Bridgetown,-59.6105,13.0935,False,2.70000021764021,2025.0,28364.8181499736,2025.0,282623,2025,0.0552124454380577,2025,59.6996239887007,2025,70.36470032,2025.0,,,76.332,2024,0.846576563196289,2025.0,6.524,2025.0,19.5464583818414,2025.0,,,1.7,2022.0,,
BRN,Brunei Darussalam,East Asia & Pacific,High income,Bandar Seri Begawan,114.946,4.94199,False,0.66956214816436,2025.0,32234.6428368582,2025.0,466330,2025,0.776925734682091,2025,75.0109886586819,2025,96.29828801,2025.0,,,75.501,2024,-0.302994414446762,2025.0,5.277,2025.0,7.2707332451225,2025.0,1.18136570943281,2025.0,,,,
BTN,Bhutan,South Asia,Lower middle income,Thimphu,89.6177,27.5768,False,8.00502716233098,2025.0,4492.78400306618,2025.0,796682,2025,0.649540189970473,2025,43.4301832473753,2025,91.27739716,2025.0,,,73.262,2024,3.55513663074987,2025.0,3.227,2025.0,69.5105956371201,2025.0,13.6806760206392,2025.0,0.0,2025.0,3.5,2025.0
BWA,Botswana,Sub-Saharan Africa ,Upper middle income,Gaborone,25.9201,-24.6544,False,-0.733898323852287,2025.0,7778.1151090571,2025.0,2562122,2025,1.61250378521521,2025,67.9559561532102,2025,57.45950036,2025.0,,,69.293,2024,2.6597506179431,2025.0,24.477,2025.0,28.1075501484859,2025.0,1.78116253805865,2025.0,21.4,2021.0,,
CAF,Central African Republic,Sub-Saharan Africa ,Low income,Bangui,21.6407,5.63056,True,4.49950000393781,2025.0,556.131398031455,2025.0,5513282,2025,3.36794044132968,2025,44.5532156681816,2025,13.78250027,2025.0,,,57.671,2024,1.00198012768088,2025.0,6.251,2025.0,85.3998317060466,2025.0,27.6072515492258,2025.0,71.6,2025.0,2.0,2025.0
CAN,Canada,North America,High income,Ottawa,-75.6919,45.4215,False,1.74268536175708,2025.0,55697.6639660837,2025.0,41651653,2025,0.939110272846239,2025,82.8757020253886,2025,94.353302,2025.0,,,82.1080487804878,2024,2.07232411149103,2025.0,6.907,2025.0,12.909903951402,2025.0,,,0.3,2025.0,,
CHE,Switzerland,Europe & Central Asia,High income,Bern,7.44821,46.948,False,1.30007790958307,2025.0,114769.012314293,2025.0,9092436,2025,0.95982517858888,2025,85.7272157802756,2025,97.32103855,2025.0,,,84.4073170731707,2024,0.154376978290185,2025.0,4.873,2025.0,16.8607608309661,2025.0,0.644624328848247,2025.0,0.2,2025.0,,
CHI,Channel Islands,Europe & Central Asia,High income,,,,False,,,,,168466,2025,0.202025072,2025,32.6430856346098,2025,,,,,81.2,2024,,,6.169,2025.0,8.56521524242574,2025.0,,,,,,
CHL,Chile,Latin America & Caribbean ,High income,Santiago,-70.6475,-33.475,False,2.45925474781374,2025.0,17994.5911957485,2025.0,19859921,2025,0.480257021978241,2025,89.1772830019223,2025,95.590243,2025.0,,,81.359,2024,4.21293601694293,2025.0,8.974,2025.0,23.917530357834,2025.0,3.45290754387223,2025.0,0.4,2025.0,,
CHN,China,East Asia & Pacific,Upper middle income,Beijing,116.286,40.0495,False,4.95994886240992,2025.0,13861.970224368,2025.0,1406585000,2025,-0.169770885652674,2025,66.3429910348272,2025,91.6,2025.0,,,78.017,2024,0.0595646916565403,2025.0,4.615,2025.0,37.6680211606478,2025.0,6.65869070601804,2025.0,0.0,2025.0,,
CIV,Cote d'Ivoire,Sub-Saharan Africa ,Lower middle income,Yamoussoukro,-4.0305,5.332,False,6.4999999999999,2025.0,3050.10202257321,2025.0,32711547,2025,2.40496595908985,2025,54.5489501450761,2025,41.43219902,2025.0,,,62.11,2024,0.125038772593104,2025.0,2.323,2025.0,70.9652872394541,2025.0,16.7636825512357,2025.0,20.8,2025.0,3.5,2025.0
CMR,Cameroon,Sub-Saharan Africa ,Lower middle income,Yaounde,11.5174,3.8721,True,3.20000015616144,2025.0,1972.3815800786,2025.0,29879337,2025,2.56133847709635,2025,55.6692041661323,2025,46.25880051,2025.0,,,63.968,2024,3.40373458279055,2025.0,3.602,2025.0,69.2760532203937,2025.0,16.8466307383509,2025.0,26.7,2025.0,3.0,2025.0
COD,"Congo, Dem. Rep.",Sub-Saharan Africa ,Low income,Kinshasa,15.3222,-4.325,True,5.75924471639999,2025.0,806.776000708534,2025.0,112832473,2025,3.20249618590858,2025,45.1135633042151,2025,19.67350006,2025.0,,,62.074,2024,,,4.434,2025.0,85.0784664607256,2025.0,8.92986514046357,2025.0,85.3,2025.0,3.0,2025.0
COG,"Congo, Rep.",Sub-Saharan Africa ,Lower middle income,Brazzaville,15.2662,-4.2767,True,3.08292728120063,2025.0,2514.73393584747,2025.0,6484437,2025,2.36370989746216,2025,64.1236534817412,2025,47.25159836,2025.0,,,66.001,2024,2.40069559361747,2025.0,19.876,2025.0,76.7562548727763,2025.0,10.1087564987465,2025.0,,,2.0,2025.0
COL,Colombia,Latin America & Caribbean ,Upper middle income,Bogota,-74.082,4.60987,False,2.64201548985928,2025.0,8561.62091854449,2025.0,53425635,2025,1.01451696044498,2025,78.7827914751151,2025,79.34543299,2025.0,,,77.913,2024,5.14222911946201,2025.0,8.29,2025.0,45.6406312116437,2025.0,9.94576430260876,2025.0,8.5,2025.0,,
COM,Comoros,Sub-Saharan Africa ,Lower middle income,Moroni,43.2418,-11.6986,True,3.7544428489181,2025.0,2055.75921566281,2025.0,882847,2025,1.85420936957363,2025,33.941547481361,2025,32.51750183,2025.0,,,67.023,2024,3.24909332306433,2025.0,3.819,2025.0,57.9014088275825,2025.0,36.5776219773036,2025.0,5.1,2025.0,3.0,2025.0
CPV,Cabo Verde,Sub-Saharan Africa ,Upper middle income,Praia,-23.5087,14.9218,False,6.29698518253096,2025.0,5796.47207860911,2025.0,527326,2025,0.465500368710652,2025,77.6300668010068,2025,74.73519897,2025.0,,,76.224,2024,2.34333897365163,2025.0,11.939,2025.0,38.4570637674764,2025.0,5.03715103863143,2025.0,14.6,2021.0,4.0,2025.0
CRI,Costa Rica,Latin America & Caribbean ,High income,San Jose,-84.0089,9.63701,False,4.56033547844829,2025.0,19970.0989059622,2025.0,5152950,2025,0.448125104429705,2025,79.7268137993004,2025,87.17019653,2025.0,,,80.996,2024,-0.073671440596217,2025.0,6.843,2025.0,26.5874535729481,2025.0,3.36580665096026,2025.0,0.8,2025.0,,
CUB,Cuba,Latin America & Caribbean ,Upper middle income,Havana,-82.3667,23.1333,False,,,,,10937203,2025,-0.388557565092683,2025,77.2270774821152,2025,70.47699738,2025.0,,,78.264,2024,,,1.746,2025.0,24.8970261884222,2025.0,,,,,,
CUW,Curacao,Latin America & Caribbean ,High income,Willemstad,,,False,,,,,156263,2025,0.189603874500038,2025,91.4727714986125,2025,68.1272162511339,2023.0,,,76.989,2024,,,,,,,,,,,,
CYM,Cayman Islands,Latin America & Caribbean ,High income,George Town,-81.3857,19.3022,False,,,,,75844,2025,1.84568216276921,2025,100.0,2025,81.0676932508161,2023.0,,,80.54,2024,,,,,,,,,,,,
CYP,Cyprus,Europe & Central Asia,High income,Nicosia,33.3736,35.1676,False,3.77325347982725,2025.0,41783.08984375,2025.0,1370754,2025,0.914028750872649,2025,66.6950270703775,2025,89.60099246,2025.0,,,81.821,2024,0.126528851920189,2025.0,4.924,2025.0,10.1682695261881,2025.0,1.11541253313617,2025.0,0.0,2025.0,,
CZE,Czechia,Europe & Central Asia,High income,Prague,14.4205,50.0878,False,2.58046673293437,2025.0,35917.2724081665,2025.0,10886878,2025,-0.16657564691038,2025,72.8754367116112,2025,87.68776014,2025.0,,,79.9780487804878,2024,2.45996367838865,2025.0,2.825,2025.0,15.7230508919287,2025.0,1.94982686749134,2025.0,0.0,2025.0,,
DEU,Germany,Europe & Central Asia,High income,Berlin,13.4115,52.5235,False,0.239578342117881,2025.0,60496.4350820414,2025.0,83491249,2025,-0.0303506708320264,2025,82.13822205362,2025,93.49999579,2025.0,,,80.7926829268293,2024,2.17178770949721,2025.0,3.711,2025.0,8.14920626056795,2025.0,0.871426941482043,2025.0,0.7,2025.0,,
DJI,Djibouti,"Middle East, North Africa, Afghanistan & Pakistan",Lower middle income,Djibouti,43.1425,11.5806,False,6.4954610524268,2025.0,3905.604954681,2025.0,1184076,2025,1.30518794764358,2025,72.9758660686475,2025,65.29889679,2025.0,,,66.202,2024,-0.313731799533481,2025.0,26.015,2025.0,51.1172281428355,2025.0,2.27199545061851,2025.0,25.4,2023.0,3.0,2025.0
DMA,Dominica,Latin America & Caribbean ,Upper middle income,Roseau,-61.39,15.2976,False,3.05243763087539,2025.0,10989.0431185083,2025.0,65871,2025,-0.505770483641074,2025,73.9861616678942,2025,82.04689789,2025.0,,,71.294,2024,2.53385126107135,2025.0,,,,,12.1033350047584,2025.0,,,3.5,2025.0
DNK,Denmark,Europe & Central Asia,High income,Copenhagen,12.5681,55.6763,False,2.92843280014236,2025.0,76970.1535217919,2025.0,6009169,2025,0.536903805914283,2025,88.8458435892689,2025,99.76915157,2025.0,,,82.2536585365854,2024,1.89367372703044,2025.0,5.529,2025.0,7.9106885959171,2025.0,1.16938005441414,2025.0,0.4,2025.0,,
DOM,Dominican Republic,Latin America & Caribbean ,Upper middle income,Santo Domingo,-69.8908,18.479,False,2.11739113534632,2025.0,11059.2081531834,2025.0,11520487,2025,0.809920950082305,2025,72.517694062591,2025,91.0022446,2025.0,,,73.868,2024,3.8731176804813,2025.0,5.092,2025.0,42.1008530888299,2025.0,4.6027191760655,2025.0,0.8,2025.0,,
DZA,Algeria,"Middle East, North Africa, Afghanistan & Pakistan",Upper middle income,Algiers,3.05097,36.7397,False,3.815543719231,2025.0,6051.00322704182,2025.0,47435312,2025,1.31780475504384,2025,75.8187358069877,2025,77.4178009,2025.0,,,76.475,2024,1.41835151429016,2025.0,11.633,2025.0,30.1984194526643,2025.0,14.5120041000651,2025.0,,,,
ECU,Ecuador,Latin America & Caribbean ,Upper middle income,Quito,-78.5243,-0.229498,False,3.72594857272087,2025.0,7125.27618527738,2025.0,18289896,2025,0.847864596028112,2025,63.3918189058262,2025,77.17273115,2025.0,,,77.579,2024,0.710469324989076,2025.0,3.308,2025.0,52.3345685121002,2025.0,9.70295482246867,2025.0,3.4,2025.0,,
EGY,"Egypt, Arab Rep.","Middle East, North Africa, Afghanistan & Pakistan",Lower middle income,Cairo,31.2461,30.0982,False,4.39201068570188,2025.0,3085.80712036204,2025.0,118365995,2025,1.55618628611795,2025,42.9043204925248,2025,74.64839935,2025.0,,,71.806,2024,14.0735136645934,2025.0,6.781,2025.0,26.984769248047,2025.0,16.551922508574,2025.0,1.4,2025.0,,
ERI,Eritrea,Sub-Saharan Africa ,Low income,Asmara,38.9183,15.3315,True,,,,,3607003,2025,1.99933689205926,2025,34.5404504255216,2025,14.34939957,2025.0,,,68.893,2024,,,5.978,2025.0,52.3654915393244,2025.0,,,,,1.0,2025.0
ESP,Spain,Europe & Central Asia,High income,Madrid,-3.70327,40.4167,False,2.82495400578509,2025.0,38627.2472148623,2025.0,49355143,2025,1.03113431966787,2025,80.5149251039138,2025,95.7574516,2025.0,,,83.8878048780488,2024,2.699932857627,2025.0,10.376,2025.0,14.541673149492,2025.0,2.68233093402373,2025.0,0.8,2025.0,,
EST,Estonia,Europe & Central Asia,High income,Tallinn,24.7586,59.4392,False,0.584308464789387,2025.0,34417.6320815138,2025.0,1366475,2025,-0.428360939161402,2025,70.7208526598129,2025,92.23796204,2025.0,,,79.2951219512195,2024,4.82920753628342,2025.0,8.313,2025.0,12.0680099904006,2025.0,1.64687016798416,2025.0,0.3,2025.0,,
ETH,Ethiopia,Sub-Saharan Africa ,Low income,Addis Ababa,38.7468,9.02274,True,9.7715182202934,2025.0,932.729352775179,2025.0,135472051,2025,2.55107529460765,2025,24.1096952088946,2025,21.94129944,2025.0,,,67.603,2024,13.2296432836809,2025.0,3.323,2025.0,84.3116930047511,2025.0,32.8186147009719,2025.0,38.6,2025.0,3.0,2025.0
FIN,Finland,Europe & Central Asia,High income,Helsinki,24.9525,60.1608,False,0.173444509584499,2025.0,56148.580949046,2025.0,5646436,2025,0.470872218110853,2025,74.5247844319848,2025,93.72405196,2025.0,,,82.3365853658537,2024,0.337874659400574,2025.0,9.461,2025.0,12.5437359111591,2025.0,2.61075667391382,2025.0,0.2,2025.0,,
FJI,Fiji,East Asia & Pacific,Upper middle income,Suva,178.399,-18.1149,False,3.19546862124029,2025.0,6642.00449450523,2025.0,933154,2025,0.469404246979013,2025,59.5444551836369,2025,74.7052002,2025.0,,,67.463,2024,-1.38326833934224,2025.0,5.347,2025.0,34.075577932976,2025.0,14.0457735369585,2025.0,4.7,2025.0,3.0,2025.0
FRA,France,Europe & Central Asia,High income,Paris,2.35097,48.8566,False,0.840949955479587,2025.0,48985.7307807924,2025.0,68720337,2025,0.245766211891762,2025,78.8449650563584,2025,88.65381638,2025.0,,,82.9804878048781,2024,0.943770212469976,2025.0,7.542,2025.0,13.2848168173206,2025.0,1.40317576023592,2025.0,0.1,2025.0,,
FRO,Faroe Islands,Europe & Central Asia,High income,Torshavn,-6.91181,61.8926,False,,,,,54900,2025,0.474713325295028,2025,39.643321785446,2025,97.5819589384468,2023.0,,,83.0832463414634,2024,,,,,,,,,,,,
FSM,"Micronesia, Fed. Sts.",East Asia & Pacific,Upper middle income,Palikir,158.185,6.91771,True,1.0626071425539,2025.0,4414.00737137479,2025.0,113683,2025,0.46111268735637,2025,22.4809290622703,2025,39.52360153,2025.0,,,67.357,2024,,,,,,,24.1626902958484,2025.0,,,2.0,2025.0
GAB,Gabon,Sub-Saharan Africa ,Upper middle income,Libreville,9.45162,0.38832,False,2.47287961498321,2025.0,8263.03321595,2025.0,2593130,2025,2.11142428155027,2025,92.0876666682068,2025,68.72090149,2025.0,,,68.511,2024,1.76766609003481,2025.0,20.154,2025.0,32.392903453617,2025.0,6.75232535579492,2025.0,3.8,2023.0,,
GBR,United Kingdom,Europe & Central Asia,High income,London,-0.126236,51.5002,False,1.38844207858726,2025.0,57601.9621201954,2025.0,69487000,2025,0.296898638478743,2025,83.323608078271,2025,95.4720993,2025.0,,,81.3868536585366,2024,3.88306881626,2025.0,4.746,2025.0,13.1486547925945,2025.0,0.639963472014016,2025.0,0.4,2025.0,,
GEO,Georgia,Europe & Central Asia,Upper middle income,Tbilisi,44.793,41.71,False,7.46161504152039,2025.0,9691.53472415196,2025.0,3935766,2025,3.1815662969341,2025,61.1781364090406,2025,83.79855689,2025.0,,,74.657,2024,3.8692132193969,2025.0,12.097,2025.0,46.0734431579366,2025.0,5.18170935466129,2025.0,4.2,2025.0,,
GHA,Ghana,Sub-Saharan Africa ,Lower middle income,Accra,-0.20795,5.57045,False,5.95441714756899,2025.0,3257.1588903576,2025.0,35064272,2025,1.83295547173437,2025,58.9246861473125,2025,72.17569733,2025.0,,,65.695,2024,14.2046755548989,2025.0,2.979,2025.0,67.4597289430212,2025.0,21.2758634417128,2025.0,39.0,2022.0,3.5,2025.0
GIB,Gibraltar,Europe & Central Asia,High income,,,,False,,,,,40126,2025,2.00623430210837,2025,100.0,2025,94.4444715818151,2022.0,,,83.63,2024,,,,,,,,,,,,
GIN,Guinea,Sub-Saharan Africa ,Lower middle income,Conakry,-13.7,9.51667,False,7.44709668357611,2025.0,1877.2541220972,2025.0,15099727,2025,2.31092272302565,2025,38.5165334466562,2025,33.30469894,2025.0,,,60.904,2024,3.54630163142885,2025.0,5.163,2025.0,81.949032831205,2025.0,31.2924827047092,2025.0,11.7,2024.0,3.0,2025.0
GMB,"Gambia, The",Sub-Saharan Africa ,Low income,Banjul,-16.5885,13.4495,False,5.89309208233146,2025.0,919.060423427951,2025.0,2822093,2025,2.22524763449017,2025,64.9884861325581,2025,49.49430084,2025.0,,,66.057,2024,,,6.521,2025.0,68.6086050801459,2025.0,23.8473230703528,2025.0,22.0,2025.0,3.0,2025.0
GNB,Guinea-Bissau,Sub-Saharan Africa ,Low income,Bissau,-15.1804,11.8037,True,5.81813762310792,2025.0,1123.76679992349,2025.0,2249515,2025,2.16429203622489,2025,46.6510315281292,2025,29.77739906,2025.0,,,64.254,2024,0.874929691038717,2025.0,2.673,2025.0,75.4685591470584,2025.0,40.6286009989156,2025.0,39.9,2025.0,2.5,2025.0
GNQ,Equatorial Guinea,Sub-Saharan Africa ,Upper middle income,Malabo,8.7741,3.7523,False,-5.84678505700693,2025.0,6615.25245207167,2025.0,1938431,2025,2.39717222444002,2025,71.5761028458697,2025,63.29930115,2025.0,,,63.906,2024,,,8.337,2025.0,27.4986769319012,2025.0,3.20678649748914,2025.0,8.8,2025.0,,
GRC,Greece,Europe & Central Asia,High income,Athens,23.7166,37.9792,False,2.07306882481713,2025.0,26948.0070432791,2025.0,10413962,2025,0.0848067613416544,2025,79.2246082848537,2025,86.26968886,2025.0,,,81.8390243902439,2024,2.48209745378857,2025.0,8.54,2025.0,30.4553173810687,2025.0,3.5703052168837,2025.0,0.6,2025.0,,
GRD,Grenada,Latin America & Caribbean ,Upper middle income,Saint George's,-61.7449,12.0653,False,4.41201,2025.0,12106.8790105068,2025.0,117303,2025,0.081872845816827,2025,36.6708064336827,2025,70.16159821,2025.0,,,75.367,2024,0.610311975893833,2025.0,,,,,2.53973352148124,2025.0,0.8,2024.0,3.0,2025.0
GRL,Greenland,Europe & Central Asia,High income,Nuuk,-51.7214,64.1836,False,,,,,56831,2025,-0.00879762816511268,2025,88.5740108655152,2025,69.4824617821988,2023.0,,,70.2734146341463,2024,,,,,,,,,,,,
GTM,Guatemala,Latin America & Caribbean ,Upper middle income,Guatemala City,-90.5328,14.6248,False,4.28003207921405,2025.0,6598.18032988711,2025.0,18687881,2025,1.5179036167086,2025,56.2972033013999,2025,60.22140121,2025.0,,,72.746,2024,1.48841591086169,2025.0,2.604,2025.0,39.08143495426,2025.0,9.55178298050142,2025.0,9.7,2025.0,,
GUM,Guam,East Asia & Pacific,High income,Agana,144.794,13.4443,False,,,,,168999,2025,0.725708104538761,2025,94.2197463433641,2025,80.5054655600831,2023.0,,,77.422,2024,,,5.569,2025.0,15.5195351741739,2025.0,,,,,,
GUY,Guyana,Latin America & Caribbean ,High income,Georgetown,-58.1548,6.80461,False,19.3360097091818,2025.0,32413.7930757518,2025.0,835986,2025,0.58773840166977,2025,26.4913876548981,2025,83.00080109,2025.0,,,70.319,2024,3.32982339132475,2025.0,11.962,2025.0,31.1144181388929,2025.0,7.73438252235822,2025.0,,,2.5,2025.0
HKG,"Hong Kong SAR, China",East Asia & Pacific,High income,,114.109,22.3964,False,3.48764886355949,2025.0,56983.0663059906,2025.0,7498900,2025,-0.33548590342358,2025,100.0,2025,95.75536971,2025.0,,,85.3926829268293,2024,1.43633540372673,2025.0,2.799,2025.0,7.69439288961689,2025.0,,,,,,
HND,Honduras,Latin America & Caribbean ,Lower middle income,Tegucigalpa,-87.4667,15.1333,False,3.75143102801252,2025.0,3598.21450440452,2025.0,11005850,2025,1.65037355718421,2025,59.2517075900659,2025,58.62269974,2025.0,,,73.044,2024,4.59657982325258,2025.0,4.92,2025.0,44.1055942864799,2025.0,13.3192833947532,2025.0,15.7,2025.0,2.5,2025.0
HRV,Croatia,Europe & Central Asia,High income,Zagreb,15.9614,45.8069,False,3.40307537181749,2025.0,27103.9116109268,2025.0,3876200,2025,0.258317977905583,2025,57.8144543604143,2025,83.63240029,2025.0,,,78.9292682926829,2024,3.69153459605729,2025.0,5.002,2025.0,12.7369992006055,2025.0,2.83194407098682,2025.0,0.3,2025.0,,
HTI,Haiti,Latin America & Caribbean ,Lower middle income,Port-au-Prince,-72.3288,18.5392,True,-2.71291075761471,2025.0,2694.18969101404,2025.0,11906095,2025,1.12793089533676,2025,55.6148855859942,2025,47.8614006,2025.0,,,65.119,2024,28.6427976686095,2025.0,14.944,2025.0,76.8339009225743,2025.0,15.8072127258079,2025.0,,,2.0,2025.0
HUN,Hungary,Europe & Central Asia,High income,Budapest,19.0408,47.4984,False,0.509542309726868,2025.0,25907.4743259406,2025.0,9514251,2025,-0.501292808614035,2025,70.6936831786278,2025,93.77898628,2025.0,,,76.7243902439025,2024,4.41198445905562,2025.0,4.521,2025.0,11.6310632244371,2025.0,2.65399769872221,2025.0,0.9,2023.0,,
IDN,Indonesia,East Asia & Pacific,Upper middle income,Jakarta,106.83,-6.19752,False,5.10808904438025,2025.0,5059.62596411213,2025.0,285721236,2025,0.784708535785041,2025,59.3929063969984,2025,72.78075544,2025.0,,,71.288,2024,1.9133344329508,2025.0,3.237,2025.0,53.3370094781928,2025.0,13.0995463199278,2025.0,4.0,2025.0,,
IMN,Isle of Man,Europe & Central Asia,High income,Douglas,-4.47928,54.1509,False,,,,,84118,2025,-0.0499173996269448,2025,52.1358064010515,2025,,,,,81.091,2024,,,,,,,,,,,,
IND,India,South Asia,Lower middle income,New Delhi,77.225,28.6353,False,7.56666179284244,2025.0,2702.47987141553,2025.0,1463865525,2025,0.887183543977214,2025,35.689155772396,2025,70.0,2025.0,,,72.235,2024,2.39884954182294,2025.0,4.219,2025.0,74.903099358,2025.0,16.2342483910129,2025.0,5.3,2025.0,,
IRL,Ireland,Europe & Central Asia,High income,Dublin,-6.26749,53.3441,False,12.3375990291434,2025.0,131592.462547877,2025.0,5484367,2025,1.62826615443033,2025,64.5875793756168,2025,97.18769836,2025.0,,,83.009756097561,2024,2.21044788475857,2025.0,4.632,2025.0,13.3667321550386,2025.0,1.05705676036934,2025.0,0.1,2025.0,,
IRN,"Iran, Islamic Rep.","Middle East, North Africa, Afghanistan & Pakistan",Upper middle income,Tehran,51.4447,35.6878,False,-2.82597163290347,2025.0,3924.38017821898,2025.0,92417681,2025,0.923930875479985,2025,77.3761530941751,2025,85.3404007,2025.0,,,77.854,2024,42.1712244965444,2025.0,8.301,2025.0,42.9430755373859,2025.0,10.5944482254371,2025.0,2.5,2025.0,,
IRQ,Iraq,"Middle East, North Africa, Afghanistan & Pakistan",Upper middle income,Baghdad,44.394,33.3302,True,-2.15574219066178,2025.0,5409.67899716967,2025.0,47020774,2025,2.10351548706844,2025,69.9396739468105,2025,81.47450256,2025.0,,,72.424,2024,0.303454715219382,2025.0,15.485,2025.0,31.6559278240675,2025.0,3.41368848141125,2025.0,0.5,2025.0,,
ISL,Iceland,Europe & Central Asia,High income,Reykjavik,-21.8952,64.1353,False,1.27946207863934,2025.0,98323.4849517418,2025.0,392404,2025,1.51445294794602,2025,94.2179320191117,2025,98.209198,2025.0,,,82.809756097561,2024,4.09085056006515,2025.0,3.625,2025.0,13.2968251358518,2025.0,3.65415170778729,2025.0,0.1,2025.0,,
ISR,Israel,"Middle East, North Africa, Afghanistan & Pakistan",High income,,35.2035,31.7717,False,2.93114966387968,2025.0,60336.8477964194,2025.0,10122800,2025,1.19852366348133,2025,91.5783060866328,2025,88.18242225,2025.0,,,83.1975609756098,2024,3.0414132155654,2025.0,3.489,2025.0,11.342246738728,2025.0,,,0.4,2025.0,,
ITA,Italy,Europe & Central Asia,High income,Rome,12.4823,41.8955,False,0.539583636778445,2025.0,43308.6403060733,2025.0,58915656,2025,-0.0628633523365352,2025,69.680861801678,2025,89.2207202,2025.0,,,83.9512195121951,2024,1.5316682765282,2025.0,6.391,2025.0,21.1241520550434,2025.0,2.06549575303668,2025.0,0.9,2025.0,,
JAM,Jamaica,Latin America & Caribbean ,Upper middle income,Kingston,-76.792,17.9927,False,0.0816454877745656,2025.0,8002.92104076242,2025.0,2837077,2025,-0.0739220209228623,2025,59.4254051751628,2025,90.10870361,2025.0,,,71.606,2024,4.00459048079239,2025.0,3.286,2025.0,35.7495975386225,2025.0,8.74303657894802,2025.0,1.4,2025.0,,
JOR,Jordan,"Middle East, North Africa, Afghanistan & Pakistan",Upper middle income,Amman,35.9263,31.9497,False,2.82660839845745,2025.0,5347.77731384797,2025.0,11520684,2025,-0.279038179525473,2025,93.2085150119551,2025,95.62244985,2025.0,,,77.981,2024,1.76646490894206,2025.0,16.535,2025.0,11.2076546068098,2025.0,5.56169367394688,2025.0,,,,
JPN,Japan,East Asia & Pacific,High income,Tokyo,139.77,35.67,False,1.19311288444599,2025.0,35951.0449549304,2025.0,123366734,2025,-0.492142838725375,2025,92.3001449420786,2025,85.54153081,2025.0,,,84.0363414634146,2024,3.17253034260248,2025.0,2.451,2025.0,9.05081758353661,2025.0,,,1.2,2025.0,,
KAZ,Kazakhstan,Europe & Central Asia,Upper middle income,Astana,71.4382,51.1879,False,6.5,2025.0,14692.1331757237,2025.0,20843754,2025,1.21239553353742,2025,62.3855569507987,2025,93.39167254,2025.0,,,74.531,2024,11.3879454675914,2025.0,4.771,2025.0,26.1258279465708,2025.0,3.7437914177142,2025.0,0.0,2025.0,,
KEN,Kenya,Sub-Saharan Africa ,Lower middle income,Nairobi,36.8126,-1.27975,False,4.63261093844984,2025.0,2362.86091198611,2025.0,57532493,2025,1.92967823977399,2025,32.2121192871745,2025,34.97622513,2025.0,,,63.834,2024,4.06912878540729,2025.0,5.449,2025.0,64.7954860141009,2025.0,23.1599874772131,2025.0,45.5,2025.0,4.0,2025.0
KGZ,Kyrgyz Republic,Europe & Central Asia,Lower middle income,Bishkek,74.6057,42.8851,False,11.0960203357132,2025.0,3080.96893823359,2025.0,7343064,2025,1.66425490124613,2025,34.7463537261057,2025,92.0286026,2025.0,,,72.4,2024,8.21496013406325,2025.0,3.526,2025.0,30.5028942546689,2025.0,7.99943573872639,2025.0,2.2,2025.0,3.5,2025.0
KHM,Cambodia,East Asia & Pacific,Lower middle income,Phnom Penh,104.874,11.5556,False,5.34932084572877,2025.0,2872.42926639909,2025.0,17847982,2025,1.17893708663597,2025,41.10561939401,2025,68.47530365,2025.0,,,70.817,2024,2.35127105896507,2025.0,0.263,2025.0,55.5182959674735,2025.0,16.1106828275296,2025.0,,,3.0,2025.0
KIR,Kiribati,East Asia & Pacific,Lower middle income,Tarawa,172.979,1.32905,True,4.22163588390501,2025.0,2558.66636011102,2025.0,136488,2025,1.45386795887331,2025,63.3850857782871,2025,89.44029999,2025.0,,,66.6,2024,,,,,,,,,0.9,2025.0,2.5,2025.0
KNA,St. Kitts and Nevis,Latin America & Caribbean ,High income,Basseterre,-62.7309,17.3,False,2.68858456990016,2025.0,25223.0257622185,2025.0,46922,2025,0.168506412185747,2025,31.8987713138283,2025,76.88400269,2025.0,,,72.281,2024,,,,,,,1.28963007238327,2025.0,,,,
KOR,"Korea, Rep.",East Asia & Pacific,High income,Seoul,126.957,37.5323,False,1.00701840291242,2025.0,36226.9663637512,2025.0,51684564,2025,-0.128584337535563,2025,81.1740263306674,2025,97.89563777,2025.0,,,83.6292682926829,2024,2.12309421458659,2025.0,2.683,2025.0,22.6695991993473,2025.0,1.46427275259293,2025.0,0.1,2025.0,,
KWT,Kuwait,"Middle East, North Africa, Afghanistan & Pakistan",High income,Kuwait City,47.9824,29.3721,False,2.731825804492,2025.0,32312.3119953634,2025.0,4865298,2025,-0.654851001278566,2025,100.0,2025,100.0,2025.0,,,84.580487804878,2024,2.36195936682045,2025.0,2.181,2025.0,3.16084553293978,2025.0,0.530516126274945,2025.0,,,,
LAO,Lao PDR,East Asia & Pacific,Lower middle income,Vientiane,102.177,18.5826,False,4.53760564766725,2025.0,2324.76353098791,2025.0,7873046,2025,1.31981575540414,2025,40.3129835040701,2025,65.59269714,2025.0,,,69.225,2024,7.74226936553695,2025.0,1.187,2025.0,77.1407502075747,2025.0,16.6175844045764,2025.0,7.1,2025.0,3.5,2025.0
LBN,Lebanon,"Middle East, North Africa, Afghanistan & Pakistan",Lower middle income,Beirut,35.5134,33.8872,True,,,,,5849421,2025,0.745736135898232,2025,90.9602314263044,2025,80.63400269,2025.0,,,77.945,2024,14.597595869611,2025.0,,,28.3782379111056,2025.0,,,5.8,2025.0,,
LBR,Liberia,Sub-Saharan Africa ,Low income,Monrovia,-10.7957,6.30039,False,5.01656107992214,2025.0,915.328972645548,2025.0,5731206,2025,2.08732472424606,2025,56.0819747159338,2025,32.23360062,2025.0,,,62.324,2024,8.31564329402952,2025.0,2.884,2025.0,78.341434071315,2025.0,32.6538305659641,2025.0,33.6,2022.0,2.5,2025.0
LBY,Libya,"Middle East, North Africa, Afghanistan & Pakistan",Upper middle income,Tripoli,13.1072,32.8578,True,13.3717080516958,2025.0,6448.82415074121,2025.0,7458555,2025,1.04494488295615,2025,87.9112413015221,2025,81.95449829,2025.0,,,71.121,2024,1.84166666666702,2025.0,18.758,2025.0,25.8794267663322,2025.0,1.50083505042772,2025.0,,,,
LCA,St. Lucia,Latin America & Caribbean ,Upper middle income,Castries,-60.9832,14,False,-0.57407528214496,2025.0,14745.8184305461,2025.0,180149,2025,0.225066989889272,2025,29.096571131107,2025,68.20500183,2025.0,,,72.846,2024,2.02709512086274,2025.0,9.452,2025.0,26.7449431374251,2025.0,1.65774357258379,2025.0,0.1,2021.0,3.5,2025.0
LIE,Liechtenstein,Europe & Central Asia,High income,Vaduz,9.52148,47.1411,False,,,,,41024,2025,1.4090617793704,2025,14.6298998993293,2025,98.2641983,2025.0,,,84.2,2024,,,,,,,,,,,,
LKA,Sri Lanka,South Asia,Upper middle income,Colombo,79.8528,6.92148,False,4.9534339114043,2025.0,5002.07904353724,2025.0,21756000,2025,-0.732738211545502,2025,20.4501355167937,2025,54.59,2025.0,,,77.672,2024,-4.76386036960983,2025.0,4.005,2025.0,42.0703000220276,2025.0,8.36247166017662,2025.0,2.7,2025.0,3.5,2025.0
LSO,Lesotho,Sub-Saharan Africa ,Lower middle income,Maseru,27.7167,-29.5208,False,1.98256080770996,2025.0,1088.96276223185,2025.0,2363325,2025,1.1020485314959,2025,44.6695855817109,2025,51.79660034,2025.0,,,57.798,2024,4.27011140706666,2025.0,16.315,2025.0,38.5183732358228,2025.0,6.48594639211087,2025.0,41.9,2023.0,3.5,2025.0
LTU,Lithuania,Europe & Central Asia,High income,Vilnius,25.2799,54.6896,False,2.92007656461696,2025.0,32958.6706396386,2025.0,2888774,2025,0.0171713878019065,2025,69.0816381352764,2025,89.16116293,2025.0,,,77.1951219512195,2024,3.79170510860467,2025.0,6.731,2025.0,11.4987731599512,2025.0,2.27149750051117,2025.0,1.1,2025.0,,
LUX,Luxembourg,Europe & Central Asia,High income,Luxembourg,6.1296,49.61,False,0.63787818818335,2025.0,147252.179121515,2025.0,686970,2025,1.46016251329208,2025,94.8841729598587,2025,99.12902211,2025.0,,,83.1951219512195,2024,2.25723817871726,2025.0,6.343,2025.0,10.3375808522493,2025.0,0.232212272400724,2025.0,0.1,2025.0,,
LVA,Latvia,Europe & Central Asia,High income,Riga,24.1048,56.9465,False,2.13786855731288,2025.0,26311.9730706362,2025.0,1847785,2025,-0.987592806179397,2025,68.6325719753517,2025,92.70757011,2025.0,,,76.4292682926829,2024,3.74577316751945,2025.0,6.568,2025.0,13.6573699083824,2025.0,4.0095997344873,2025.0,0.4,2025.0,,
MAC,"Macao SAR, China",East Asia & Pacific,High income,,113.55,22.1667,False,4.67106705680436,2025.0,75901.7461294198,2025.0,685900,2025,-0.160244771707362,2025,100.0,2025,89.82640076,2025.0,,,83.3317073170732,2024,0.333311677308542,2025.0,2.347,2025.0,6.7617917100705,2025.0,,,,,,
MAF,St. Martin (French part),Latin America & Caribbean ,High income,Marigot,,,False,,,,,24941,2025,-4.65327729336626,2025,100.0,2025,,,,,80.438,2024,,,,,,,,,,,,
MAR,Morocco,"Middle East, North Africa, Afghanistan & Pakistan",Lower middle income,Rabat,-6.8704,33.9905,False,4.59524349182247,2025.0,4672.46826171875,2025.0,38430770,2025,0.913842778572571,2025,63.1278612260269,2025,91.2,2025.0,,,75.493,2024,0.701902154839545,2025.0,9.0,2025.0,40.0640986604354,2025.0,10.5468998514808,2025.0,,,,
MCO,Monaco,Europe & Central Asia,High income,Monaco,7.41891,43.7325,False,,,,,38341,2025,-0.753524326194984,2025,100.0,2025,99.04489899,2025.0,,,86.497,2024,,,,,,,,,,,,
MDA,Moldova,Europe & Central Asia,Upper middle income,Chisinau,28.8497,47.0167,False,2.41649734575068,2025.0,8621.71721623786,2025.0,2360527,2025,-1.75442101889586,2025,43.7336240404545,2025,77.3687973,2025.0,,,71.332,2024,7.75904124001159,2025.0,1.505,2025.0,58.7823974553907,2025.0,7.37632402548248,2025.0,0.1,2025.0,4.0,2025.0
MDG,Madagascar,Sub-Saharan Africa ,Low income,Antananarivo,45.7167,-20.4667,False,3.002568866856,2025.0,599.265294255357,2025.0,32740678,2025,2.39781026296956,2025,32.9017070836898,2025,18.67790031,2025.0,,,63.835,2024,8.05052431791227,2025.0,3.041,2025.0,88.3198131654764,2025.0,21.702530751089,2025.0,69.2,2025.0,3.0,2025.0
MDV,Maldives,South Asia,Upper middle income,Male,73.5109,4.1742,False,6.31092335003081,2025.0,14614.7208116541,2025.0,529676,2025,0.35499694483684,2025,42.5061567995467,2025,85.23999786,2025.0,,,81.285,2024,4.00578494118752,2025.0,4.514,2025.0,20.0469185655225,2025.0,4.59079378253004,2025.0,0.0,2025.0,3.0,2025.0
MEX,Mexico,Latin America & Caribbean ,Upper middle income,Mexico City,-99.1276,19.427,False,0.561683456144578,2025.0,13889.2339628708,2025.0,131946900,2025,0.826382426690595,2025,80.0408930629723,2025,83.12233799,2025.0,,,75.264,2024,3.80668650726485,2025.0,2.673,2025.0,30.8452432024311,2025.0,3.88408341898948,2025.0,1.6,2025.0,,
MHL,Marshall Islands,East Asia & Pacific,Upper middle income,Majuro,171.135,7.11046,True,2.28310502283105,2025.0,8489.05793506422,2025.0,36282,2025,-3.42983639556145,2025,79.105503091452,2025,65.915802,2025.0,,,67.075,2024,,,,,,,,,2.1,2025.0,2.5,2025.0
MKD,North Macedonia,Europe & Central Asia,Upper middle income,Skopje,21.4361,42.0024,False,3.48706619829503,2025.0,10489.9255355525,2025.0,1820909,2025,-0.189286550678574,2025,62.8909857826036,2025,93.1,2025.0,,,76.6165853658537,2024,4.07249176848348,2025.0,12.256,2025.0,16.5865607606679,2025.0,5.97689638001405,2025.0,3.9,2025.0,,
MLI,Mali,Sub-Saharan Africa ,Low income,Bamako,-7.50034,13.5667,True,5.59946842896643,2025.0,1193.27601004701,2025.0,25198821,2025,2.89981455024173,2025,32.2127137183989,2025,36.80149841,2025.0,,,60.675,2024,3.27823540357584,2025.0,2.831,2025.0,76.3544354729942,2025.0,33.0195835270972,2025.0,36.1,2025.0,3.0,2025.0
MLT,Malta,"Middle East, North Africa, Afghanistan & Pakistan",High income,Valletta,14.5189,35.9042,False,3.96156139018959,2025.0,47906.9000057635,2025.0,579704,2025,1.8906123268828,2025,95.6805856649593,2025,93.86029816,2025.0,,,82.9560975609756,2024,2.36351752252186,2025.0,2.896,2025.0,13.9024514205364,2025.0,0.469133994108361,2025.0,0.4,2025.0,,
MMR,Myanmar,East Asia & Pacific,Lower middle income,Naypyidaw,95.9562,21.914,True,-2.01184475795665,2025.0,1488.87527836542,2025.0,54850648,2025,0.641162929716532,2025,30.5836915476767,2025,45.4477005,2025.0,,,67.095,2024,,,3.047,2025.0,65.4728059854924,2025.0,25.3,2025.0,10.3,2023.0,2.5,2025.0
MNE,Montenegro,Europe & Central Asia,Upper middle income,Podgorica,19.2595,42.4602,False,2.74455354258522,2025.0,14816.8380299947,2025.0,623129,2025,-0.0635300593940256,2025,65.6085083521036,2025,88.88258428,2025.0,,,77.890243902439,2024,3.89960910704956,2025.0,13.572,2025.0,17.3551433104503,2025.0,3.3668899806023,2025.0,2.5,2025.0,,
MNG,Mongolia,East Asia & Pacific,Upper middle income,Ulaanbaatar,106.937,47.9129,False,6.84391415938607,2025.0,7108.22743246244,2025.0,3568978,2025,1.24589876857071,2025,71.1450719126123,2025,85.12349701,2025.0,,,72.3980487804878,2024,8.60536487369695,2025.0,5.233,2025.0,41.1780172388467,2025.0,8.93883278645661,2025.0,0.4,2025.0,3.5,2025.0
MNP,Northern Mariana Islands,East Asia & Pacific,High income,Saipan,145.765,15.1935,False,,,,,43541,2025,-1.67849167730668,2025,92.1765383642716,2025,,,,,78.947,2024,,,,,,,,,,,,
MOZ,Mozambique,Sub-Saharan Africa ,Low income,Maputo,32.5713,-25.9664,True,-0.523485382072337,2025.0,626.914419215727,2025.0,35631653,2025,2.84630186701375,2025,37.2077944927189,2025,20.52729988,2025.0,,,63.797,2024,4.3684695014615,2025.0,6.628,2025.0,85.3095291998936,2025.0,25.570048653436,2025.0,81.4,2025.0,3.0,2025.0
MRT,Mauritania,Sub-Saharan Africa ,Lower middle income,Nouakchott,-15.9824,18.2367,False,4.02891976567948,2025.0,2197.51046251309,2025.0,5315065,2025,2.77895808619534,2025,61.4888190537696,2025,45.77939987,2025.0,,,68.713,2024,1.54796926167072,2025.0,10.319,2025.0,57.4481652424909,2025.0,19.9526937998331,2025.0,10.2,2025.0,3.5,2025.0
MUS,Mauritius,Sub-Saharan Africa ,Upper middle income,Port Louis,57.4977,-20.1605,False,3.15157395305867,2025.0,12991.2935987166,2025.0,1243741,2025,-0.163726377394902,2025,39.0369663368524,2025,73.30793533,2025.0,,,73.7890243902439,2024,3.67359279962943,2025.0,5.635,2025.0,17.7888396651599,2025.0,4.61632647569328,2025.0,0.5,2023.0,,
MWI,Malawi,Sub-Saharan Africa ,Low income,Lilongwe,33.7703,-13.9899,False,1.88518707821663,2025.0,671.506847203876,2025.0,22216120,2025,2.55685698114353,2025,17.5949868386317,2025,18.96159935,2025.0,,,67.561,2024,28.3702565330281,2025.0,5.072,2025.0,61.258530925467,2025.0,30.0312624526817,2025.0,75.4,2025.0,3.0,2025.0
MYS,Malaysia,East Asia & Pacific,Upper middle income,Kuala Lumpur,101.684,3.12433,False,5.17127082911057,2025.0,13124.5554178269,2025.0,35977838,2025,1.17471679693395,2025,77.3948812296229,2025,98.0206059,2025.0,,,76.821,2024,1.38060872293692,2025.0,3.764,2025.0,25.3702061435169,2025.0,8.2158916957078,2025.0,0.0,2025.0,,
NAM,Namibia,Sub-Saharan Africa ,Lower middle income,Windhoek,17.0931,-22.5648,False,1.73018153842335,2025.0,4875.92558158247,2025.0,3092816,2025,2.04761498541566,2025,50.8666984399326,2025,64.87460327,2025.0,,,67.516,2024,3.51074539609587,2025.0,19.291,2025.0,36.5403610216946,2025.0,6.98913188447704,2025.0,22.9,2021.0,,
NCL,New Caledonia,East Asia & Pacific,High income,Noum'ea,166.464,-22.2677,False,,,,,295333,2025,0.916376579929707,2025,68.1717888335577,2025,82.0058408035186,2023.0,,,78.921,2024,,,11.174,2025.0,17.1427103667934,2025.0,,,,,,
NER,Niger,Sub-Saharan Africa ,Low income,Niamey,2.1073,13.514,True,7.00782960149,2025.0,775.353622143879,2025.0,27917831,2025,3.22289981385576,2025,18.3740697195469,2025,15.55760002,2025.0,,,61.433,2024,-4.45470804102568,2025.0,0.394,2025.0,89.477863328309,2025.0,47.5890198987744,2025.0,60.5,2025.0,3.5,2025.0
NGA,Nigeria,Sub-Saharan Africa ,Lower middle income,Abuja,7.48906,9.05804,True,4.01336180700973,2025.0,1224.25410237743,2025.0,237527782,2025,2.06227178599451,2025,63.7754180467872,2025,41.21139908,2025.0,,,54.635,2024,23.0101235833333,2025.0,3.064,2025.0,86.1520490321675,2025.0,22.9790557916205,2025.0,41.8,2025.0,3.5,2025.0
NIC,Nicaragua,Latin America & Caribbean ,Lower middle income,Managua,-86.2734,12.1475,False,4.92352556770889,2025.0,3173.33724815085,2025.0,7007502,2025,1.31234789341176,2025,59.4435892957332,2025,61.39550018,2025.0,,,75.1,2024,2.08132127098376,2025.0,5.04,2025.0,44.2678607744293,2025.0,14.4770158430143,2025.0,6.6,2020.0,2.0,2025.0
NLD,Netherlands,Europe & Central Asia,High income,Amsterdam,4.89095,52.3738,False,1.78463214703797,2025.0,73683.917132794,2025.0,18087633,2025,0.521869714098474,2025,95.9385903481191,2025,97.00679779,2025.0,,,81.9658536585366,2024,3.2595766451366,2025.0,3.874,2025.0,16.7876478737668,2025.0,1.68323077210041,2025.0,0.1,2025.0,,
NOR,Norway,Europe & Central Asia,High income,Oslo,10.7387,59.9138,False,1.08528185031417,2025.0,94594.1929573987,2025.0,5610870,2025,0.690166127329719,2025,83.5705787708326,2025,99.0,2025.0,,,83.1609756097561,2024,3.05562484410077,2025.0,4.637,2025.0,4.87411044255662,2025.0,1.64200398430636,2025.0,0.2,2025.0,,
NPL,Nepal,South Asia,Lower middle income,Kathmandu,85.3157,27.6939,False,4.43073194983359,2025.0,1535.87781246307,2025.0,29618118,2025,-0.111140420150509,2025,66.999424884859,2025,46.32189941,2025.0,,,70.636,2024,2.65334269811436,2025.0,10.465,2025.0,78.5827665110785,2025.0,21.5578137957376,2025.0,2.4,2025.0,3.5,2025.0
NRU,Naoero,East Asia & Pacific,High income,Yaren District,166.920867,-0.5477,False,2.14285714285656,2025.0,14639.5046929186,2025.0,12025,2025,0.650761515673821,2025,100.0,2025,83.01170349,2025.0,,,62.279,2024,,,,,,,,,,,,
NZL,New Zealand,East Asia & Pacific,High income,Wellington,174.776,-41.2865,False,0.462871830681081,2025.0,49591.0405731713,2025.0,5324700,2025,0.653812611006536,2025,83.9978515774731,2025,93.51930237,2025.0,,,82.009756097561,2024,2.8397963180572,2025.0,5.076,2025.0,18.4057925728412,2025.0,,,,,,
OMN,Oman,"Middle East, North Africa, Afghanistan & Pakistan",High income,Muscat,58.5874,23.6105,False,2.39787382295398,2025.0,19947.3966227092,2025.0,5494691,2025,3.95650101545376,2025,79.4781383307689,2025,95.25174678,2025.0,,,80.246,2024,0.967741935483928,2025.0,3.251,2025.0,4.96151460932621,2025.0,2.808326710845,2025.0,,,,
PAK,Pakistan,"Middle East, North Africa, Afghanistan & Pakistan",Lower middle income,Islamabad,72.8,30.5167,False,3.69842668749033,2025.0,1595.90912252837,2025.0,255219554,2025,1.55994397009632,2025,39.5256010979606,2025,57.253,2025.0,,,67.799,2024,3.54555214890893,2025.0,5.42,2025.0,57.0024730729602,2025.0,23.0212949096389,2025.0,23.0,2025.0,3.5,2025.0
PAN,Panama,Latin America & Caribbean ,High income,Panama City,-79.5188,8.99427,False,4.35030460627731,2025.0,19789.7308555826,2025.0,4571189,2025,1.22403711826792,2025,66.1500999418126,2025,72.77149963,2025.0,,,79.775,2024,-0.189587880235675,2025.0,8.36,2025.0,40.5839377756364,2025.0,2.6182090720364,2025.0,3.1,2025.0,,
PER,Peru,Latin America & Caribbean ,Upper middle income,Lima,-77.0465,-12.0931,False,3.43056395124466,2025.0,9684.41170314988,2025.0,34576665,2025,1.04316532874658,2025,85.5963484845463,2025,81.95705992,2025.0,,,77.941,2024,1.53125450314273,2025.0,5.117,2025.0,51.3474224751048,2025.0,,,5.1,2025.0,,
PHL,Philippines,East Asia & Pacific,Upper middle income,Manila,121.035,14.5515,False,4.40240158710621,2025.0,4170.72347271451,2025.0,116786962,2025,0.810982768568445,2025,55.7732907605332,2025,67.26300914,2025.0,,,69.946,2024,1.6587364525509,2025.0,2.235,2025.0,36.1484483518678,2025.0,8.5917098442669,2025.0,5.3,2025.0,,
PLW,Palau,East Asia & Pacific,High income,Koror,134.479,7.34194,False,6.28637654202731,2025.0,19532.3557719527,2025.0,17663,2025,-0.181005762412027,2025,79.2835934246556,2025,83.92549896,2025.0,,,69.383,2024,-0.418410041841039,2025.0,,,,,,,,,,
PNG,Papua New Guinea,East Asia & Pacific,Lower middle income,Port Moresby,147.194,-9.47357,True,5.63792052319458,2025.0,3019.5309140573,2025.0,10762817,2025,1.74625754996746,2025,15.7797448680276,2025,18.81159973,2025.0,,,66.256,2024,4.42141364166485,2025.0,2.571,2025.0,78.6683589300498,2025.0,,,,,3.0,2025.0
POL,Poland,Europe & Central Asia,High income,Warsaw,21.02,52.26,False,3.5727250346774,2025.0,28419.5777395638,2025.0,36435861,2025,-0.338028518667454,2025,60.0853330309371,2025,88.58496367,2025.0,,,78.409756097561,2024,3.81419531520146,2025.0,2.976,2025.0,18.8896624569839,2025.0,2.45366601523879,2025.0,0.2,2025.0,,
PRI,Puerto Rico (US),Latin America & Caribbean ,High income,San Juan,-66,18.23,False,0.317670046196895,2025.0,40620.1526923687,2025.0,3184835,2025,-0.553782979963777,2025,94.3404836598892,2025,87.29178106,2025.0,,,81.902,2024,,,5.991,2025.0,12.6145261748756,2025.0,0.685792994219519,2025.0,,,,
PRK,"Korea, Dem. People's Rep.",East Asia & Pacific,Low income,Pyongyang,125.754,39.0319,False,,,,,26571036,2025,0.272143344374275,2025,64.1897858311258,2025,,,,,73.743,2024,,,3.545,2025.0,62.0536349292905,2025.0,,,,,,
PRT,Portugal,Europe & Central Asia,High income,Lisbon,-9.13552,38.7072,False,1.86448007464475,2025.0,32081.8106150292,2025.0,10804871,2025,1.02505359028502,2025,61.4953199318985,2025,88.48704454,2025.0,,,82.3829268292683,2024,2.33601620316701,2025.0,6.164,2025.0,14.4327496227269,2025.0,1.96014913476984,2025.0,0.4,2025.0,,
PRY,Paraguay,Latin America & Caribbean ,Upper middle income,Asuncion,-57.6362,-25.3005,False,6.64262511156879,2025.0,7026.61906146401,2025.0,7013078,2025,1.20391081847026,2025,70.3897639855864,2025,81.57806793,2025.0,,,73.982,2024,4.0380642333938,2025.0,4.803,2025.0,41.2527330883415,2025.0,11.641125207277,2025.0,2.1,2025.0,,
PSE,West Bank and Gaza,"Middle East, North Africa, Afghanistan & Pakistan",Lower middle income,,,,True,4.34444072337577,2025.0,3171.10844621579,2025.0,5413596,2025,2.32556364928187,2025,87.3818962963393,2025,86.63765334,2025.0,,,69.213,2024,9.80840118100493,2025.0,,,23.8272576037033,2025.0,,,2.1,2025.0,,
PYF,French Polynesia,East Asia & Pacific,High income,Papeete,-149.57,-17.535,False,,,,,282465,2025,0.23322096373719,2025,61.7583766473831,2025,72.7038953132942,2023.0,,,84.192,2024,,,11.662,2025.0,18.2027195690731,2025.0,,,,,,
QAT,Qatar,"Middle East, North Africa, Afghanistan & Pakistan",High income,Doha,51.5082,25.2948,False,2.90166036660493,2025.0,72524.9066385222,2025.0,2972215,2025,3.92476698437933,2025,99.3593427696312,2025,98.08540344,2025.0,,,82.522,2024,,,0.13,2025.0,0.832181930359672,2025.0,0.30600137388372,2025.0,0.0,2023.0,,
ROU,Romania,Europe & Central Asia,High income,Bucharest,26.0979,44.4479,False,0.677829835052762,2025.0,22537.9532108047,2025.0,19020271,2025,-0.165649007627974,2025,52.1728885041698,2025,91.29048551,2025.0,,,76.4585365853659,2024,7.18903362292063,2025.0,5.992,2025.0,14.4639524470805,2025.0,3.00114031225865,2025.0,0.7,2025.0,,
RUS,Russian Federation,Europe & Central Asia,High income,Moscow,37.6176,55.7558,False,1.00117656925738,2025.0,17546.609375,2025.0,143513328,2025,-0.108864402490546,2025,75.2506636608215,2025,94.36495368,2025.0,,,73.4404878048781,2024,8.71986939402666,2025.0,2.133,2025.0,6.32297462969307,2025.0,3.05735752541339,2025.0,0.1,2025.0,,
RWA,Rwanda,Sub-Saharan Africa ,Low income,Kigali,30.0587,-1.95325,False,9.37579834182446,2025.0,1123.73874633225,2025.0,14569341,2025,2.17017465948949,2025,30.9133840928162,2025,31.70330048,2025.0,,,68.017,2024,5.913000168826,2025.0,11.363,2025.0,40.4485188225029,2025.0,20.3036785808482,2025.0,38.6,2025.0,4.5,2025.0
SAU,Saudi Arabia,"Middle East, North Africa, Afghanistan & Pakistan",High income,Riyadh,46.6977,24.6748,False,4.50246560191663,2025.0,34536.6555456551,2025.0,36973555,2025,4.63120314543082,2025,84.6123121062185,2025,100.0,2025.0,,,78.982,2024,2.08420853585036,2025.0,3.038,2025.0,5.54689646208523,2025.0,2.58995651280475,2025.0,,,,
SDN,Sudan,Sub-Saharan Africa ,Low income,Khartoum,32.5363,15.5932,True,3.06427942935869,2025.0,1164.53991699219,2025.0,51662147,2025,2.3763155422004,2025,34.9349444966605,2025,18.60000038,2023.0,,,66.521,2024,,,,,46.5210513169215,2025.0,29.3570939629694,2025.0,10.1,2020.0,2.0,2025.0
SEN,Senegal,Sub-Saharan Africa ,Lower middle income,Dakar,-17.4734,14.7247,False,6.68227744849194,2025.0,1954.71174194867,2025.0,18931966,2025,2.29738465638923,2025,55.7672494455246,2025,60.11780167,2025.0,,,68.924,2024,1.45900719841385,2025.0,2.735,2025.0,64.321003863995,2025.0,17.0838912567949,2025.0,17.9,2025.0,3.5,2025.0
SGP,Singapore,East Asia & Pacific,High income,Singapore,103.85,1.28941,False,5.02588199508003,2025.0,98813.9788172877,2025.0,6111175,2025,1.22350531679895,2025,100.0,2025,94.37757178,2025.0,,,83.3463414634146,2024,0.902998495002676,2025.0,2.818,2025.0,12.6918308652273,2025.0,0.0246222685620747,2025.0,,,,
SLB,Solomon Islands,East Asia & Pacific,Lower middle income,Honiara,159.949,-9.42676,False,3.61715088072386,2025.0,2086.18955928928,2025.0,838645,2025,2.34616812843002,2025,31.3093190325418,2025,29.04070091,2025.0,,,70.694,2024,3.36462189317825,2025.0,1.431,2025.0,69.9438113291199,2025.0,,,,,3.0,2025.0
SLE,Sierra Leone,Sub-Saharan Africa ,Low income,Freetown,-13.2134,8.4821,False,4.60865077581276,2025.0,846.296172499617,2025.0,8819794,2025,2.03619305233604,2025,45.9267781356681,2025,25.10499954,2025.0,,,61.964,2024,7.48750166612986,2025.0,3.15,2025.0,88.8077133885281,2025.0,29.5399786679525,2025.0,41.5,2024.0,2.5,2025.0
SLV,El Salvador,Latin America & Caribbean ,Upper middle income,San Salvador,-89.2073,13.7034,False,3.90594189242583,2025.0,5766.72574029107,2025.0,6365503,2025,0.429954275845337,2025,75.5237123209951,2025,66.47769928,2025.0,,,72.302,2024,0.257570528307203,2025.0,3.303,2025.0,35.6649126345318,2025.0,4.40281452790678,2025.0,4.6,2025.0,,
SMR,San Marino,Europe & Central Asia,High income,San Marino,12.4486,43.9322,False,,,,,34109,2025,0.387745396648668,2025,97.1870254171573,2025,97.35220337,2025.0,,,85.817,2024,2.29519525025037,2025.0,,,,,,,,,,
SOM,"Somalia, Fed. Rep.",Sub-Saharan Africa ,Low income,Mogadishu,45.3254,2.07515,True,2.99114404482197,2025.0,661.173877723116,2025.0,19654739,2025,3.3397984923678,2025,55.1399062872976,2025,27.94020081,2025.0,,,58.967,2024,,,18.948,2025.0,52.1791513808903,2025.0,,,,,2.0,2025.0
SRB,Serbia,Europe & Central Asia,Upper middle income,Belgrade,20.4656,44.8024,False,2.03039196235113,2025.0,15262.0464193413,2025.0,6549143,2025,-0.56842544719633,2025,62.6379872799333,2025,87.69071294,2025.0,,,75.9682926829268,2024,3.8903678606001,2025.0,7.123,2025.0,27.0198403477965,2025.0,3.28500130429995,2025.0,1.1,2025.0,,
SSD,South Sudan,Sub-Saharan Africa ,Low income,Juba,31.6,4.85,True,,,,,12188788,2025,2.0337018417734,2025,21.6843599017401,2025,6.671000004,2025.0,,,57.738,2024,,,,,82.5463408529652,2025.0,,,76.5,2022.0,1.5,2025.0
STP,Sao Tome and Principe,Sub-Saharan Africa ,Lower middle income,Sao Tome,6.6071,0.20618,False,1.02847453097097,2025.0,4084.40062145233,2025.0,240254,2025,1.98329290197673,2025,69.1721865415984,2025,59.11759949,2025.0,,,69.905,2024,11.0474362281814,2025.0,9.132,2025.0,43.9915913654619,2025.0,12.1902347368193,2025.0,13.0,2023.0,3.0,2025.0
SUR,Suriname,Latin America & Caribbean ,Upper middle income,Paramaribo,-55.1679,5.8232,False,1.79169153226913,2025.0,7069.87230892274,2025.0,639850,2025,0.850523968746845,2025,65.7886836406706,2025,87.4,2025.0,,,73.757,2024,9.2054681878919,2025.0,7.834,2025.0,22.4753569861256,2025.0,,,2.2,2025.0,2.5,2025.0
SVK,Slovak Republic,Europe & Central Asia,High income,Bratislava,17.1073,48.1484,False,0.807418690144758,2025.0,28543.6653439813,2025.0,5413813,2025,-0.152382641257418,2025,53.1940341971169,2025,89.82507032,2025.0,,,78.3707317073171,2024,4.00042823495829,2025.0,5.359,2025.0,14.872808947277,2025.0,1.59299327980239,2025.0,0.5,2025.0,,
SVN,Slovenia,Europe & Central Asia,High income,Ljubljana,14.5044,46.0546,False,1.05992996255246,2025.0,37376.2216079138,2025.0,2130986,2025,0.168420657387838,2025,55.9906997845822,2025,90.76355487,2025.0,,,82.2853658536585,2024,2.37284807226549,2025.0,3.175,2025.0,13.955716931639,2025.0,1.63415417451495,2025.0,0.0,2025.0,,
SWE,Sweden,Europe & Central Asia,High income,Stockholm,18.0645,59.3327,False,1.54316373266217,2025.0,63133.2126736715,2025.0,10596620,2025,0.254281358853672,2025,89.0778677789555,2025,95.76629783,2025.0,,,84.0634146341463,2024,0.679869285243995,2025.0,8.694,2025.0,10.2371185516351,2025.0,1.50330918888001,2025.0,0.8,2025.0,,
SWZ,Eswatini,Sub-Saharan Africa ,Lower middle income,Mbabane,31.4659,-26.5225,False,4.1939175580556,2025.0,4108.25221093363,2025.0,1256174,2025,1.06859931393766,2025,26.7213709706525,2025,63.40309906,2025.0,,,64.264,2024,,,34.202,2025.0,30.2156928449234,2025.0,6.40805505607032,2025.0,44.5,2022.0,3.5,2025.0
SXM,Sint Maarten (Dutch part),Latin America & Caribbean ,High income,Philipsburg,,,False,3.40000000000001,2025.0,42978.1317407037,2025.0,43923,2025,1.3131397652904,2025,100.0,2025,,,,,76.528,2024,,,,,,,,,,,,
SYC,Seychelles,Sub-Saharan Africa ,High income,Victoria,55.4466,-4.6309,False,5.79795669973812,2025.0,19449.3836346926,2025.0,122730,2025,1.12749264749076,2025,45.4828390704609,2025,87.81800079,2025.0,,,76.2951219512195,2024,0.297589655467556,2025.0,,,,,2.60597439544808,2025.0,0.7,2024.0,,
SYR,Syrian Arab Republic,"Middle East, North Africa, Afghanistan & Pakistan",Low income,Damascus,36.3119,33.5146,True,,,,,25620427,2025,3.76901619394327,2025,72.0836286208518,2025,33.77000046,2024.0,,,72.56,2024,,,13.569,2025.0,42.4366469534473,2025.0,,,18.0,2025.0,1.5,2025.0
TCA,Turks and Caicos Islands,Latin America & Caribbean ,High income,Grand Turk,-71.141389,21.4602778,False,,,,,46855,2025,0.685300893811321,2025,94.3959450720822,2025,,,,,78.181,2024,,,,,,,,,,,,
TCD,Chad,Sub-Saharan Africa ,Low income,N'Djamena,15.0445,12.1048,True,5.58988021765651,2025.0,1022.33559390754,2025.0,21003705,2025,3.41211675890953,2025,27.5658786336865,2025,12.62689972,2025.0,,,55.238,2024,-3.9119812440659,2025.0,1.057,2025.0,91.5610659485398,2025.0,36.3366564080775,2025.0,39.5,2025.0,2.5,2025.0
TGO,Togo,Sub-Saharan Africa ,Lower middle income,Lome,1.2255,6.1228,False,6.31032671625633,2025.0,1383.89974929887,2025.0,8591626,2025,2.17758924189303,2025,44.3949892074399,2025,39.48320007,2025.0,,,62.935,2024,0.433183451279109,2025.0,1.995,2025.0,76.6222547186887,2025.0,20.3258949863422,2025.0,34.7,2025.0,4.0,2025.0
THA,Thailand,East Asia & Pacific,Upper middle income,Bangkok,100.521,13.7308,False,2.44247444990198,2025.0,8056.56359761558,2025.0,71619863,2025,-0.0672045728198196,2025,62.7993377136296,2025,90.86718789,2025.0,,,76.564,2024,-0.133634356480207,2025.0,0.781,2025.0,50.6978613523784,2025.0,8.7468928716046,2025.0,0.0,2025.0,,
TJK,Tajikistan,Europe & Central Asia,Lower middle income,Dushanbe,68.7864,38.5878,False,8.40000053390075,2025.0,1637.2542942547,2025.0,10786734,2025,1.83193545840317,2025,26.16476270853,2025,55.79339981,2025.0,,,71.927,2024,,,6.931,2025.0,31.261273361855,2025.0,,,6.1,2025.0,3.0,2025.0
TKM,Turkmenistan,Europe & Central Asia,Upper middle income,Ashgabat,58.3794,37.9509,False,6.30000003697894,2025.0,6540.17876401136,2025.0,7618847,2025,1.64558945876185,2025,47.1053608253747,2025,17.99029922,2022.0,,,70.201,2024,,,4.267,2025.0,32.0265975785979,2025.0,12.3560088049428,2025.0,,,,
TLS,Timor-Leste,East Asia & Pacific,Lower middle income,Dili,125.567,-8.56667,True,6.97538939119629,2025.0,1340.9640193437,2025.0,1418517,2025,1.26841125849065,2025,28.7864318960935,2025,35.04199982,2025.0,,,67.904,2024,0.428322848346937,2025.0,1.592,2025.0,74.8594025588175,2025.0,,,44.0,2020.0,2.5,2025.0
TON,Tonga,East Asia & Pacific,Upper middle income,Nuku'alofa,-175.216,-21.136,False,2.79999999999998,2025.0,6547.18646814228,2025.0,103742,2025,-0.416512960445247,2025,21.1561406217448,2025,67.4417038,2025.0,,,73.07,2024,5.59276642101027,2025.0,2.008,2025.0,41.7898218675083,2025.0,,,0.4,2025.0,3.0,2025.0
TTO,Trinidad and Tobago,Latin America & Caribbean ,High income,Port-of-Spain,-61.4789,10.6596,False,-0.787768572727643,2025.0,18967.2704636681,2025.0,1367764,2025,-0.0415920932776015,2025,53.9696087417106,2025,82.15989685,2025.0,,,73.617,2024,0.994489987904821,2025.0,3.329,2025.0,25.7202580200267,2025.0,,,,,,
TUN,Tunisia,"Middle East, North Africa, Afghanistan & Pakistan",Lower middle income,Tunis,10.21,36.7899,False,2.49311010666248,2025.0,4656.63818386852,2025.0,12348573,2025,0.580403828948731,2025,70.7029326009864,2025,76.5,2025.0,,,76.711,2024,5.15100197572676,2025.0,15.108,2025.0,24.942996504448,2025.0,10.2934775669857,2025.0,0.7,2025.0,,
TUR,Turkiye,Europe & Central Asia,Upper middle income,Ankara,32.3606,39.7153,False,3.60462514082589,2025.0,18599.4420922378,2025.0,85878556,2025,0.419954927193433,2025,89.494060002186,2025,89.77024003,2025.0,,,77.421,2024,34.8811629820306,2025.0,8.52,2025.0,28.5488317037487,2025.0,5.20951196750004,2025.0,0.2,2025.0,,
TUV,Tuvalu,East Asia & Pacific,Upper middle income,Funafuti,179.089567,-8.6314877,True,1.63934426229508,2025.0,6041.44908591428,2025.0,9492,2025,-1.6093983073263,2025,65.4480709525093,2025,35.20000076,2023.0,,,67.259,2024,,,,,,,,,,,2.5,2025.0
TZA,Tanzania,Sub-Saharan Africa ,Lower middle income,Dodoma,35.7382,-6.17486,False,5.85286828692739,2025.0,1318.81921386719,2025.0,70545865,2025,2.85515014149945,2025,36.8833115936643,2025,31.16209984,2025.0,,,67.212,2024,3.32697361316105,2025.0,1.572,2025.0,85.342074860906,2025.0,22.9094775894812,2025.0,51.3,2024.0,3.0,2025.0
UGA,Uganda,Sub-Saharan Africa ,Low income,Kampala,32.5729,0.314269,False,6.33181157677313,2025.0,1206.30450825002,2025.0,51384894,2025,2.70194383324801,2025,31.9399557536617,2025,8.949831061,2025.0,,,68.487,2024,3.58082784438067,2025.0,2.746,2025.0,80.5261312572744,2025.0,26.1325416269988,2025.0,59.8,2025.0,3.0,2025.0
UKR,Ukraine,Europe & Central Asia,Upper middle income,Kiev,30.5038,50.4536,True,1.82152376756284,2025.0,5865.884765625,2025.0,38980376,2025,2.91573569457478,2025,69.5954924645764,2025,82.47489929,2025.0,,,74.692,2024,12.7303341026903,2025.0,,,21.0048399281382,2025.0,7.57270528442222,2025.0,0.0,2025.0,,
URY,Uruguay,Latin America & Caribbean ,High income,Montevideo,-56.0675,-34.8941,False,1.78471117082752,2025.0,25215.8238152781,2025.0,3384688,2025,-0.0561194093953689,2025,95.6537192104085,2025,91.99109007,2025.0,,,78.287,2024,4.65032720433324,2025.0,7.516,2025.0,27.9675456778061,2025.0,6.3800077320062,2025.0,0.2,2025.0,,
USA,United States,North America,High income,Washington D.C.,-77.032,38.8895,False,2.16138195623856,2025.0,90026.5163005744,2025.0,341784857,2025,0.522468081877868,2025,80.1921733027869,2025,94.69380188,2025.0,,,78.890243902439,2024,,,4.198,2025.0,6.07375577308702,2025.0,,,1.1,2025.0,,
UZB,Uzbekistan,Europe & Central Asia,Lower middle income,Tashkent,69.269,41.3052,False,7.69962477932913,2025.0,3968.2720079072,2025.0,37053428,2025,1.88404754637167,2025,51.0173495084299,2025,89.50550079,2025.0,,,72.528,2024,8.79638847052461,2025.0,4.622,2025.0,45.4358227356809,2025.0,16.5595763193311,2025.0,2.3,2025.0,3.5,2025.0
VCT,St. Vincent and the Grenadines,Latin America & Caribbean ,Upper middle income,Kingstown,-61.2653,13.2035,False,3.3921670546227,2025.0,12561.769166789,2025.0,99924,2025,-0.690139370317183,2025,47.9810480381821,2025,76.19010162,2025.0,,,71.382,2024,0.815322893749171,2025.0,18.003,2025.0,25.6729436885265,2025.0,3.43660558850432,2025.0,,,3.5,2025.0
VEN,"Venezuela, RB",Latin America & Caribbean ,Lower middle income,Caracas,-69.8371,9.08165,True,1.57068062827224,2025.0,3494.8138870244,2025.0,28516896,2025,0.39124515392802,2025,89.3219112298988,2025,76.67890167,2025.0,,,72.673,2024,,,5.307,2025.0,40.4205546670537,2025.0,,,,,,
VGB,British Virgin Islands,Latin America & Caribbean ,High income,Road Town,-64.623056,18.431389,False,,,,,39732,2025,0.659068330129875,2025,57.3951909813643,2025,77.7042682926829,2023.0,,,77.431,2024,,,,,,,,,,,,
VIR,Virgin Islands (U.S.),Latin America & Caribbean ,High income,Charlotte Amalie,-64.8963,18.3358,False,,,,,103792,2025,-0.562044819338406,2025,95.388579075538,2025,64.3774942980087,2023.0,,,80.7707317073171,2024,,,11.443,2025.0,9.07048913846609,2025.0,,,,,,
VNM,Viet Nam,East Asia & Pacific,Upper middle income,Hanoi,105.825,21.0069,False,8.01882998978245,2025.0,5065.99091899299,2025.0,101598527,2025,0.603044839155161,2025,38.8299160351294,2025,84.15,2025.0,,,74.736,2024,3.3099931421974,2025.0,1.523,2025.0,53.346789010947,2025.0,11.6440301326976,2025.0,1.6,2025.0,3.5,2021.0
VUT,Vanuatu,East Asia & Pacific,Lower middle income,Port-Vila,168.321,-17.7404,False,3.05357824026483,2025.0,4038.73520713411,2025.0,335169,2025,2.23013831174813,2025,22.3219888836722,2025,22.35140038,2021.0,,,71.654,2024,0.656455142231905,2025.0,5.073,2025.0,60.6162054715698,2025.0,,,19.5,2025.0,3.0,2025.0
WSM,Samoa,East Asia & Pacific,Upper middle income,Apia,-171.752,-13.8314,False,4.20440659006225,2025.0,5872.78333308796,2025.0,219306,2025,0.58857998761608,2025,17.5063874123422,2025,21.20000076,2020.0,,,71.826,2024,2.2119620764675,2025.0,4.996,2025.0,44.5126616870104,2025.0,9.0895376966202,2025.0,,,3.5,2025.0
XKX,Kosovo,Europe & Central Asia,Upper middle income,Pristina,20.926,42.565,True,3.59217142544483,2025.0,7899.41841135202,2025.0,1576876,2025,-1.10223367296906,2025,50.9260971650398,2025,89.4430319734879,2024.0,,,78.222,2024,3.85953869869506,2025.0,,,,,7.36156167634088,2025.0,10.0,2025.0,4.0,2025.0
YEM,"Yemen, Rep.","Middle East, North Africa, Afghanistan & Pakistan",Low income,Sana'a,44.2075,15.352,True,,,,,41773878,2025,2.8917915150724,2025,37.0336664607078,2025,17.49099922,2025.0,,,69.439,2024,,,17.322,2025.0,52.6445003427155,2025.0,,,33.3,2020.0,2.0,2025.0
ZAF,South Africa,Sub-Saharan Africa ,Upper middle income,Pretoria,28.1871,-25.746,False,1.11462608103956,2025.0,6597.71450918774,2025.0,64747319,2025,1.14969203871645,2025,63.8154011002522,2025,78.35759735,2025.0,,,66.312,2024,3.20550474112603,2025.0,32.391,2025.0,17.2733796234946,2025.0,2.82763267053972,2025.0,17.4,2025.0,,
ZMB,Zambia,Sub-Saharan Africa ,Lower middle income,Lusaka,28.2937,-15.3982,False,3.75772836763902,2025.0,1317.87771619597,2025.0,21913874,2025,2.77109662765952,2025,45.9171510161461,2025,17.10099983,2025.0,,,66.528,2024,13.9099095827735,2025.0,5.918,2025.0,71.7263261520826,2025.0,4.10574926168725,2025.0,71.7,2025.0,3.5,2025.0
ZWE,Zimbabwe,Sub-Saharan Africa ,Lower middle income,Harare,31.0672,-17.8312,True,8.10671343048909,2025.0,3021.43019873632,2025.0,16950795,2025,1.88435182354047,2025,40.4951287431452,2025,41.64279938,2025.0,,,63.064,2024,,,9.293,2025.0,70.7763527219132,2025.0,9.47197936700304,2025.0,49.2,2025.0,3.0,2025.0
